{"nodes": {"a103": [5.103601862205531, -0.13991548722329705], "a106": [4.356200602814655, -0.1633076533507114], "a107": [2.614488739412704, -0.16986619337798103], "a108": [1.7042686137424685, -0.1375710448524482], "a114": [5.110275087735807, 0.3519750148219414], "a115": [4.356200602814655, 0.33514138872179666], "a117": [1.7069300672952121, 0.32246158469922737], "a120": [2.6078155138824286, 0.3220243086672574], "a126": [4.356200602814655, -0.4481668685049798], "a127": [5.076908960084428, -0.6449230693230752], "a128": [5.09025541114498, -1.0187598508774565], "a129": [4.576417045313753, -1.2220745917228213], "a130": [3.9491338454678395, -1.2745429119409803], "a133": [2.714587122366839, -1.2450294818182661], "a146": [1.7002568417649366, 0.6635056661172589], "a148": [1.7069300672952121, 0.9061716471262433], "p145": [6.11206792886613, 0.3482584687763368], "p146": [6.110702950916756, -0.16396350068174614], "p147": [1.713603292825488, 1.377293405726668], "p148": [6.11206792886613, 1.377293405726668], "p149": [0.0, 1.377293405726668], "p150": [0.0, 0.3220243086672574], "p151": [0.0, -0.1305149532143619], "i161": [6.11206792886613, -1.377293405726668], "i162": [6.11206792886613, -0.4387663344960451], "i163": [0.4127050261559026, 0.3118672762039567], "i164": [0.8281428773960136, 0.3045914085941217], "i165": [0.412324314421731, -0.14363203326890184], "i166": [0.8281428773960136, -0.14287444941072502], "i169": [1.703758040779017, -0.4520988228287084], "i170": [0.0, -0.432207794468775], "i171": [1.2601981812827583, -0.1442789629779015], "i172": [1.2627547833087451, 0.3155052100088742], "i173": [0.0, -1.377293405726668], "i174": [1.7002568417649366, -1.377293405726668], "i175": [1.9738590885062395, -1.1728855415182977], "i176": [1.7002568417649366, -0.7892108498476327]}, "paths": ["a106", "a107", "a107", "a108", "a114", "a115", "a115", "a120", "a126", "a127", "a127", "a128", "a128", "a129", "a129", "a130", "a108", "a117", "a115", "a106", "p145", "p146", "p147", "p148", "p148", "p145", "p147", "p149", "p149", "p150", "p150", "p151", "a120", "a117", "p145", "a114", "p146", "a103", "a103", "a106", "i161", "i162", "i162", "p146", "a126", "i162", "a146", "a148", "p150", "i163", "i163", "i164", "p151", "i165", "i165", "i166", "i163", "i165", "i164", "i166", "a120", "a107", "a103", "a114", "i169", "a126", "a130", "a133", "i170", "p151", "i170", "i169", "i166", "i171", "i171", "a108", "i164", "i172", "i172", "a117", "i172", "i171", "a108", "i169", "a146", "a117", "i170", "i173", "i173", "i174", "i174", "i161", "a133", "i175", "i175", "i176", "i174", "i176", "i176", "i169", "p147", "a148"]}