{"nodes": {"a103": [4.642183068081899, 0.0], "a106": [2.1273507240146703, 0.0], "a110": [0.0, 0.0], "a124": [2.1273507240146703, 0.09660666572109766], "p145": [5.415194689339696, 0.09660666572109766], "p146": [5.415194689339696, 0.0], "p148": [5.415194689339696, 0.2675997135231126], "p149": [0.0, 0.2675997135231126], "p150": [0.0, 0.09660666572109766], "p151": [0.0, 0.0], "p153": [0.0, -0.1188849285575585], "p155": [0.0, -0.2675997135231126], "p157": [0.6034644641693631, -0.2675997135231126], "p158": [2.6515809575750597, -0.2675997135231126], "p159": [4.594854885231315, -0.2675997135231126], "c4": [5.415194689339696, -0.2675997135231126], "i161": [3.700637926935417, -0.1188849285575585], "i164": [1.4652688503359441, -0.18709537352905198]}, "paths": ["a124", "p145", "p145", "p146", "p148", "p145", "p149", "p150", "a110", "p151", "p150", "p151", "p151", "p153", "p153", "p155", "p155", "p157", "p157", "p158", "p158", "p159", "p159", "c4", "c4", "p146", "p149", "p148", "a124", "p150", "a103", "p146", "a106", "a110", "a106", "a124", "a103", "a106", "a103", "i161", "i161", "i164", "i164", "p153"]}