{"nodes": {"a103": [5.112439202572931, -0.13991548722329705], "a106": [4.355113163667343, -0.13991548722329705], "a107": [2.6130967042200393, -0.13991548722329705], "a108": [1.702466443896076, -0.13991548722329705], "a114": [5.112439202572931, 0.3519750148219414], "a115": [4.355113163667343, 0.3519750148219414], "a117": [1.702466443896076, 0.3519750148219414], "a120": [2.6130967042200393, 0.3519750148219414], "a126": [4.355113163667343, -0.4481668685049798], "a127": [5.112439202572931, -0.6449230693230752], "a128": [5.112439202572931, -1.0187598508774565], "a129": [4.576417045313753, -1.2220745917228213], "a130": [3.940498739155698, -1.2745429119409803], "a133": [2.714587122366839, -1.2220745917228213], "a146": [1.702466443896076, 0.6635056661172589], "a148": [1.702466443896076, 0.9061716471262433], "p145": [6.11206792886613, 0.3519750148219414], "p146": [6.11206792886613, -0.13991548722329705], "p147": [1.702466443896076, 1.377293405726668], "p148": [6.11206792886613, 1.377293405726668], "p149": [0.0, 1.377293405726668], "p150": [0.0, 0.3519750148219414], "p151": [0.0, -0.13991548722329705], "i161": [6.11206792886613, -1.377293405726668], "i162": [6.11206792886613, -0.4481668685049798], "i163": [0.4132442169159166, 0.3519750148219414], "i164": [0.8303331789469898, 0.3519750148219414], "i165": [0.4132442169159166, -0.13991548722329705], "i166": [0.8303331789469898, -0.13991548722329705], "i169": [1.702466443896076, -0.4481668685049798], "i171": [1.2592983372415443, -0.13991548722329705], "i172": [1.2592983372415443, 0.3519750148219414], "i174": [1.702466443896076, -1.377293405726668], "i175": [1.8737607055521044, -1.071228171095615], "i176": [1.702466443896076, -0.7892108498476327], "i177": [0.0, -0.4481668685049798], "i179": [0.0, -1.377293405726668], "i180": [0.8303331789469898, -1.377293405726668], "i182": [0.8303331789469898, -0.4481668685049798]}, "paths": ["a106", "a107", "a107", "a108", "a114", "a115", "a115", "a120", "a126", "a127", "a127", "a128", "a128", "a129", "a129", "a130", "a108", "a117", "a115", "a106", "p145", "p146", "p147", "p148", "p148", "p145", "p147", "p149", "p149", "p150", "p150", "p151", "a120", "a117", "p145", "a114", "p146", "a103", "a103", "a106", "i161", "i162", "i162", "p146", "a126", "i162", "a146", "a148", "p150", "i163", "i163", "i164", "p151", "i165", "i165", "i166", "i163", "i165", "i164", "i166", "a120", "a107", "a103", "a114", "i169", "a126", "a130", "a133", "i166", "i171", "i171", "a108", "i164", "i172", "i172", "a117", "i172", "i171", "a108", "i169", "a146", "a117", "i174", "i161", "a133", "i175", "i175", "i176", "i174", "i176", "i176", "i169", "p147", "a148", "i177", "p151", "i177", "i179", "i179", "i180", "i180", "i174", "i180", "i182", "i182", "i169", "i182", "i177"]}