{"nodes": {"a103": [5.423916687658764, -0.16986619337798103], "a106": [4.356200602814655, -0.1633076533507114], "a107": [2.614488739412704, -0.16986619337798103], "a108": [1.713603292825488, -0.16986619337798103], "a114": [5.443936364249591, 0.35481700880360645], "a115": [4.356200602814655, 0.33514138872179666], "a117": [1.6925026174058613, 0.32440879687864], "a120": [2.6078155138824286, 0.3220243086672574], "a122": [1.244972810018326, 0.31357063150993536], "a126": [5.016849930311948, -0.47811757465966376], "a127": [5.301378258134461, -0.668193653402794], "a128": [5.208040891997336, -0.9982154142818025], "a129": [4.864478280064361, -1.1085390057155131], "a130": [3.715570951908191, -1.133971577386648], "a133": [1.6068316843410775, -1.1470886574411883], "a134": [1.3265562120694987, -1.06182763708668], "a137": [1.239804280175915, 0.5646902896762414], "a139": [1.359922339720877, 1.1680759721850675], "a140": [1.6802371651741097, 1.312363852785004], "a146": [1.239804280175915, 0.8204733507397655], "a148": [1.239804280175915, 0.9647612313397018], "p145": [6.11206792886613, 0.3482584687763368], "p146": [6.110702950916756, -0.16396350068174614], "p147": [2.131426082343636, 1.377293405726668], "p148": [6.11206792886613, 1.377293405726668], "p149": [0.0, 1.377293405726668], "p150": [0.0, 0.3220243086672574], "p151": [0.0, -0.1305149532143619], "p155": [0.0, -1.377293405726668], "i161": [6.11206792886613, -1.377293405726668], "i162": [6.11206792886613, -0.4387663344960451], "i163": [0.4056510888914553, 0.3220243086672574], "i164": [0.8327375228290987, 0.3023486885854476], "i165": [0.412324314421731, -0.14363203326890184], "i166": [0.8327375228290987, -0.15674911332344132], "i167": [1.259823956766742, -0.15019057329617147], "i169": [1.2664971822970175, -0.45188341455058456], "i170": [0.0, -0.432207794468775]}, "paths": ["a106", "a107", "a107", "a108", "a114", "a115", "a115", "a120", "a117", "a122", "a126", "a127", "a127", "a128", "a128", "a129", "a129", "a130", "a133", "a134", "a122", "a137", "a146", "a137", "a148", "a139", "a139", "a140", "a108", "a117", "a115", "a106", "p145", "p146", "p147", "p148", "p148", "p145", "p147", "p149", "p149", "p150", "p150", "p151", "a120", "a117", "p145", "a114", "p146", "a103", "a103", "a106", "p155", "i161", "i161", "i162", "i162", "p146", "a126", "i162", "a146", "a148", "a140", "p147", "p150", "i163", "i163", "i164", "i164", "a122", "p151", "i165", "i165", "i166", "i166", "i167", "i167", "a108", "i163", "i165", "i164", "i166", "a122", "i167", "a120", "a107", "a103", "a114", "i169", "a126", "i167", "i169", "a130", "a133", "p155", "i170", "i170", "p151", "i170", "i169", "a134", "i169"]}