{"nodes": {"a103": [5.103601862205531, -0.13991548722329705], "a106": [4.356200602814655, -0.1633076533507114], "a107": [2.614488739412704, -0.16986619337798103], "a108": [1.7202765183557636, -0.17598745737328114], "a114": [5.110275087735807, 0.3519750148219414], "a115": [4.356200602814655, 0.33514138872179666], "a117": [1.7069300672952121, 0.32246158469922737], "a120": [2.6078155138824286, 0.3220243086672574], "a126": [5.016849930311948, -0.47811757465966376], "a127": [5.301378258134461, -0.668193653402794], "a128": [5.208040891997336, -0.9982154142818025], "a129": [4.916751547357813, -1.1466513814092183], "a130": [4.369547053875207, -1.2187953217091867], "a133": [2.714587122366839, -1.2450294818182661], "a146": [1.7002568417649366, 0.6635056661172589], "a148": [1.7069300672952121, 0.9061716471262433], "p145": [6.11206792886613, 0.3482584687763368], "p146": [6.110702950916756, -0.16396350068174614], "p147": [1.713603292825488, 1.377293405726668], "p148": [6.11206792886613, 1.377293405726668], "p149": [0.0, 1.377293405726668], "p150": [0.0, 0.3220243086672574], "p151": [0.0, -0.1305149532143619], "i161": [6.11206792886613, -1.377293405726668], "i162": [6.11206792886613, -0.4387663344960451], "i163": [0.4056510888914553, 0.3220243086672574], "i164": [0.8327375228290987, 0.3023486885854476], "i165": [0.412324314421731, -0.14363203326890184], "i166": [0.8327375228290987, -0.15674911332344132], "i169": [1.713603292825488, -0.45800467854588445], "i170": [0.0, -0.432207794468775], "i171": [1.2664971822970175, -0.17598745737328114], "i172": [1.2664971822970175, 0.29622742459014795], "i173": [0.0, -1.377293405726668], "i174": [1.7002568417649366, -1.377293405726668], "i175": [1.9738590885062395, -1.1728855415182977], "i176": [1.7002568417649366, -0.7892108498476327]}, "paths": ["a106", "a107", "a107", "a108", "a114", "a115", "a115", "a120", "a126", "a127", "a127", "a128", "a128", "a129", "a129", "a130", "a108", "a117", "a115", "a106", "p145", "p146", "p147", "p148", "p148", "p145", "p147", "p149", "p149", "p150", "p150", "p151", "a120", "a117", "p145", "a114", "p146", "a103", "a103", "a106", "i161", "i162", "i162", "p146", "a126", "i162", "a146", "a148", "p150", "i163", "i163", "i164", "p151", "i165", "i165", "i166", "i163", "i165", "i164", "i166", "a120", "a107", "a103", "a114", "i169", "a126", "a130", "a133", "i170", "p151", "i170", "i169", "i166", "i171", "i171", "a108", "i164", "i172", "i172", "a117", "i172", "i171", "a108", "i169", "a146", "a117", "i170", "i173", "i173", "i174", "i174", "i161", "a133", "i175", "i175", "i176", "i174", "i176", "i176", "i169", "p147", "a148"]}